Item,Qty per unit,Reference,Value,Package,Manufacturer,Manufacturer part number,Supplier link (ships to France),Unit price,Bought by,Note
1,3,"C7, C102,C108",22uF,C0402,Samsung,GRM155R60J226ME11D,https://www.lcsc.com/search?q=GRM155R60J226ME11D,CNY 0.22275,assembler (turnkey PCBA),
2,15,"C4, C8, C13, C16, C20, C23, C40, C43, C46, C51, C57, C103, C104, C109,C100",10uF,C0402,Samsung,CL05A106MQ5NUNC,https://www.lcsc.com/search?q=CL05A106MQ5NUNC,CNY 0.02281,assembler (turnkey PCBA),
3,26,"C1, C3, C6, C10, C12, C15, C17, C19, C22, C24, C26, C28, C29, C30, C32, C33, C35, C36, C37, C38, C39, C41, C42, C44, C45, C47",2.2uf,C0402,Samsung,CL05A225KP5NSNC,https://www.lcsc.com/search?q=CL05A225KP5NSNC,CNY 0.01346,assembler (turnkey PCBA),
4,16,"C2, C5, C9, C11, C14, C18, C21, C25, C27, C31, C61, C66, C67, C70, C71, C76",100nF,C0402,FH,0402F104M500NT,https://www.lcsc.com/search?q=0402F104M500NT,CNY 0.00481,assembler (turnkey PCBA),
5,1,C34,1uF,C0402,FH,0402X105K6R3NT,https://www.lcsc.com/search?q=0402X105K6R3NT,CNY 0.00766,assembler (turnkey PCBA),
6,12,"C48, C49, C50, C52, C53, C54, C55, C56, C64, C65, C74, C75",220nF,C0201,Murata,GRM033R60J224ME15D,https://www.lcsc.com/search?q=GRM033R60J224ME15D,CNY 0.00917,assembler (turnkey PCBA),
7,1,C59,20pF,C0402,Yageo,CC0402JRNPO9BN200,https://www.lcsc.com/search?q=CC0402JRNPO9BN200,CNY 0.00456,assembler (turnkey PCBA),
8,4,"C62, C63, C72, C73",330nF,C0201,Murata,GRM033R60J334ME90D,https://www.lcsc.com/search?q=GRM033R60J334ME90D,CNY 0.05114,assembler (turnkey PCBA),
9,2,"C68, C69",220pF,C0402,FH,0402B221K500NT,https://www.lcsc.com/search?q=0402B221K500NT,CNY 0.00433,assembler (turnkey PCBA),
10,2,"C77, C78",30pF,C0402,FH,0402CG300J500NT,https://www.lcsc.com/search?q=0402CG300J500NT,CNY 0.00454,assembler (turnkey PCBA),
11,1,C101,4.7pf,C0402,FH,0402CG4R7B500NT,https://www.lcsc.com/search?q=0402CG4R7B500NT,CNY 0.00744,assembler (turnkey PCBA),
12,1,C105,6.8pf,C0402,FH,0402CG6R8C500NT,https://www.lcsc.com/search?q=0402CG6R8C500NT,CNY 0.00420,assembler (turnkey PCBA),
13,1,C106,33u,C0402,Murata,GRM155R60J226ME11D,https://www.lcsc.com/search?q=GRM155R60J226ME11D,CNY 0.67700,assembler (turnkey PCBA),
14,1,C107,3.3nf,C0402,FH,0402B332K500NT,https://www.lcsc.com/search?q=0402B332K500NT,CNY 0.00382,assembler (turnkey PCBA),
15,1,CE1,330uF,CAP-SMD_L7.3-W4.3-R-RD,Panasonic,6TPE330MAP,https://www.lcsc.com/search?q=6TPE330MAP,CNY 2.37008,assembler (turnkey PCBA),
16,1,CN1,M.2-MKEY CONNECTOR,CONN-SMD_APCI0113-P001A,ARGOSY,NASM0-S6701-TPH4,https://www.lcsc.com/search?q=NASM0-S6701-TPH4,CNY 1.41750,assembler (turnkey PCBA),
17,2,"L5, L6",1uh,IND-SMD_L2.0-W1.6-B,cjiang,FTC201610S1R0MBCA,https://www.lcsc.com/search?q=FTC201610S1R0MBCA,CNY 0.19611,assembler (turnkey PCBA),
18,1,LED1,19-217/R6C-AL1M2VY/3T,LED0402-RD,Everlight,19-217/R6C-AL1M2VY/6T,https://www.lcsc.com/search?q=19-217/R6C-AL1M2VY/6T,CNY 0.07979,assembler (turnkey PCBA),
19,5,"R1, R2, R3, R33, R34",4.7K 1%,R0402,Uniohm,0402WGF4701TCE,https://www.lcsc.com/search?q=0402WGF4701TCE,CNY 0.00219,assembler (turnkey PCBA),
20,1,R4,12.1K 1%,R0402,Uniohm,0402WGF1212TCE,https://www.lcsc.com/search?q=0402WGF1212TCE,CNY 0.00212,assembler (turnkey PCBA),
21,3,"R6, R104, R106",100K 1%,R0402,Uniohm,0402WGF1003TCE,https://www.lcsc.com/search?q=0402WGF1003TCE,CNY 0.00200,assembler (turnkey PCBA),
22,2,"R12, R13",0,R0402,Uniohm,0402WGF0000TCE,https://www.lcsc.com/search?q=0402WGF0000TCE,CNY 0.00198,assembler (turnkey PCBA),
23,1,R20,1K 1%,R0402,Uniohm,0402WGF1001TCE,https://www.lcsc.com/search?q=0402WGF1001TCE,CNY 0.00222,assembler (turnkey PCBA),
24,5,"R21, R22, R23, R103, R110",10K 1%,R0402,Uniohm,0402WGF1002TCE,https://www.lcsc.com/search?q=0402WGF1002TCE,CNY 0.00216,assembler (turnkey PCBA),
25,8,"R24, R25, R26, R27, R28, R29, R30, R31",220K 1%,R0201,Uniohm,0201WMF2203TEE,https://www.lcsc.com/search?q=0201WMF2203TEE,CNY 0.00446,assembler (turnkey PCBA),
26,1,R105,140K 1%,R0402,Yageo,RC0402FR-07140KL,https://www.lcsc.com/search?q=RC0402FR-07140KL,CNY 0.00279,assembler (turnkey PCBA),
27,1,R107,261K 1%,R0402,UniOhm,0402WGF2613TCE,https://www.lcsc.com/search?q=0402WGF2613TCE,CNY 0.00216,assembler (turnkey PCBA),
28,1,R108,475K 1%,R0402,Yageo,RC0402FR-07475KL,https://www.lcsc.com/search?q=RC0402FR-07475KL,CNY 0.00446,assembler (turnkey PCBA),
29,1,R109,150K 1%,R0402,Uniohm,0402WGF1503TCE,https://www.lcsc.com/search?q=0402WGF1503TCE,CNY 0.00213,assembler (turnkey PCBA),
30,1,U01,LTC3315AEV#TRPBF,LQFN-12_L2.0-W2.0-P0.50-TL-EP0.7,ADI,LTC3315AEV#TRPBF,https://www.lcsc.com/search?q=LTC3315AEV%23TRPBF,CNY 16.64280,assembler (turnkey PCBA),
31,1,U2,ASM2464PD,BGA-273 0.46 mm,ASMedia,ASM2464PD,https://jlcpcb.com/partdetail/Asmedia-ASM2464PD/C7509569,"USD 26.60 (Alibaba, 1-99 pcs)",assembler (or consigned),USB4 to PCIe 4.0 x4 bridge
32,1,U02,TPS82130SILR,USIP-8_L3.0-W2.8-P0.65-TL-EP,TI,TPS82130SILR,https://www.lcsc.com/search?q=TPS82130SILR,CNY 22.94600,assembler (turnkey PCBA),
33,1,U4,SIP32408DNP-T1-GE4,SIP32408DNP-T1-GE4,Vishay,SIP32408DNP-T1-GE4,https://www.lcsc.com/search?q=SIP32408DNP-T1-GE4,CNY 4.50360,assembler (turnkey PCBA),
34,1,U31,ZD25WQ16CEIGR,USON-8_L3.0-W2.0-P0.50-BL-EP,Zetta(澜智),ZD25WQ16CEIGR,https://www.lcsc.com/search?q=ZD25WQ16CEIGR,CNY 1.02600,assembler (turnkey PCBA),
35,1,USBC1,105450-0101,USB-C-SMD_TYPE-C-USB-18,Molex,105450-0101,https://www.lcsc.com/search?q=105450-0101,CNY 6.32500,assembler (turnkey PCBA),
36,1,X1,25MHz,CRYSTAL-SMD_4P-L1.6-W1.2-BL,YXC,X322525MSB4SI,https://www.lcsc.com/search?q=X322525MSB4SI,CNY 0.29520,assembler (turnkey PCBA),
37,1,SSD,"M.2 2230 NVMe SSD, PCIe 4.0, 256 GB – 2 TB",M.2 2230 M-key,Western Digital / Kioxia / Corsair,SN740 / BG6 / MP600 Mini,https://www.amazon.fr/s?k=ssd+m.2+2230+nvme,EUR 30–130,maker,plugs in by hand
38,2,Screws,M3 x 12 countersunk (ISO 10642),,,,https://www.amazon.fr/s?k=vis+M3+12mm+tete+fraisee,≈ EUR 0.10,maker,base + board + lid (board holes Ø3.2)
39,1,Screw,M2 x 10 countersunk,,,,https://www.amazon.fr/s?k=vis+M2+10mm+tete+fraisee,≈ EUR 0.10,maker,rear closing screw
40,1,Screw,M2 x 3 (M.2 SSD screw),,,,https://www.amazon.fr/s?k=vis+m.2+ssd+kit,≈ EUR 0.10,maker,holds the SSD on the standoff
41,1,Thermal pad,"1 mm, ≥ 12 W/mK, cut 10 x 10 mm",,,,https://www.amazon.fr/s?k=pad+thermique+1mm+12w,≈ EUR 0.40,maker,between the ASM2464PD and the lid boss
42,1,Case,case_base + case_lid (cad/out),"aluminium CNC anodised, or 3D print for tests",,,https://jlccnc.com,≈ EUR 15–35,maker,laser-engraved lid
43,1,Cable,"USB-C to USB-C, USB4 40 Gb/s, 0.5 m",,UGREEN or equivalent,,https://www.amazon.fr/s?k=cable+usb4+40gbps+0.5m,≈ EUR 15,maker,full speed
44,1,Cable,"USB-A to USB-C, 10 Gb/s, 0.5 m",,,,https://www.amazon.fr/s?k=cable+usb+a+usb+c+10gbps+0.5m,≈ EUR 10,maker,computers without USB-C
