Designator,Mid X,Mid Y,Layer,Rotation
C1,151.1484mm,-106.5203mm,Bottom,0
C2,151.1484mm,-109.2383mm,Bottom,180
C3,149.4484mm,-109.2383mm,Bottom,180
C4,149.4484mm,-111.0503mm,Bottom,180
C5,152.8484mm,-102.8963mm,Bottom,0
C6,154.5484mm,-107.4263mm,Bottom,0
C7,154.5484mm,-106.5203mm,Bottom,0
C8,158.5728mm,-111.8724mm,Top,0
C9,146.3729mm,-111.2966mm,Bottom,90
C10,151.1484mm,-107.4263mm,Bottom,0
C11,149.4484mm,-104.7083mm,Bottom,180
C12,149.4484mm,-110.1443mm,Bottom,180
C13,147.7484mm,-105.6143mm,Bottom,180
C14,152.8484mm,-103.8023mm,Bottom,0
C15,152.8484mm,-107.4263mm,Bottom,180
C16,158.5706mm,-110.9563mm,Top,0
C17,152.8484mm,-109.2383mm,Bottom,0
C18,152.8484mm,-110.1443mm,Bottom,0
C19,147.7484mm,-104.7083mm,Bottom,180
C20,151.1484mm,-103.8023mm,Bottom,0
C21,154.5484mm,-104.7083mm,Bottom,0
C22,154.5484mm,-105.6143mm,Bottom,0
C23,148.1873mm,-111.2946mm,Bottom,90
C24,151.1484mm,-105.6143mm,Bottom,0
C25,152.8484mm,-105.6143mm,Bottom,0
C26,151.1484mm,-102.8963mm,Bottom,0
C27,154.5484mm,-103.8023mm,Bottom,0
C28,154.5484mm,-102.8963mm,Bottom,0
C29,151.1484mm,-108.3323mm,Bottom,180
C30,147.7484mm,-106.5203mm,Bottom,180
C31,152.8484mm,-104.7083mm,Bottom,0
C32,152.8484mm,-106.5203mm,Bottom,0
C33,149.4484mm,-103.8023mm,Bottom,180
C34,155.2523mm,-100.9177mm,Bottom,-90
C35,149.4484mm,-105.6143mm,Bottom,180
C36,149.4484mm,-102.8963mm,Bottom,180
C37,149.4484mm,-106.5203mm,Bottom,180
C38,147.7484mm,-108.3323mm,Bottom,180
C39,151.1484mm,-110.1443mm,Bottom,180
C40,151.1484mm,-104.7083mm,Bottom,0
C41,147.7484mm,-103.8023mm,Bottom,180
C42,149.4484mm,-108.3323mm,Bottom,180
C43,151.1484mm,-111.0503mm,Bottom,180
C44,147.7484mm,-109.2383mm,Bottom,180
C45,149.4484mm,-107.4263mm,Bottom,180
C46,152.8484mm,-108.3323mm,Bottom,0
C47,147.7484mm,-107.4263mm,Bottom,180
C48,141.6267mm,-117.5316mm,Top,-90
C49,142.3887mm,-117.5316mm,Top,-90
C50,142.9006mm,-115.2799mm,Top,-90
C51,158.5668mm,-110.0518mm,Top,0
C52,143.6626mm,-115.2799mm,Top,-90
C53,147.6244mm,-116.0295mm,Top,-90
C54,148.3864mm,-116.0295mm,Top,-90
C55,149.9452mm,-115.1935mm,Top,-90
C56,150.7072mm,-115.1935mm,Top,-90
C57,147.2821mm,-111.2946mm,Bottom,90
C59,158.5638mm,-109.1456mm,Top,0
C61,158.5699mm,-106.0902mm,Top,0
C62,152.3090mm,-98.9690mm,Bottom,-90
C63,151.5470mm,-98.9690mm,Bottom,-90
C64,150.0886mm,-98.9690mm,Top,-90
C65,149.3266mm,-98.9690mm,Top,-90
C66,147.2782mm,-91.5297mm,Bottom,-90
C67,146.3638mm,-91.5297mm,Bottom,90
C68,142.1168mm,-97.5388mm,Bottom,90
C69,142.1173mm,-99.4765mm,Bottom,90
C70,150.7072mm,-91.5297mm,Bottom,-90
C71,149.7928mm,-91.5297mm,Bottom,90
C72,145.5329mm,-98.9690mm,Top,-90
C73,144.7709mm,-98.9690mm,Top,-90
C74,147.8534mm,-98.9690mm,Bottom,-90
C75,147.0914mm,-98.9690mm,Bottom,-90
C76,159.0058mm,-106.1345mm,Bottom,90
C77,144.6643mm,-102.8576mm,Top,90
C78,144.6643mm,-104.3494mm,Top,-90
C100,155.3300mm,-98.7298mm,Bottom,0
C101,140.8820mm,-104.4292mm,Top,180
C102,140.8810mm,-102.7071mm,Top,180
C103,140.7794mm,-94.8331mm,Top,-90
C104,139.2300mm,-94.8331mm,Top,-90
C105,138.6770mm,-103.6060mm,Top,0
C106,138.6817mm,-102.6817mm,Top,0
C107,158.5362mm,-97.8457mm,Top,0
C108,158.5426mm,-102.2657mm,Top,180
C109,157.0457mm,-97.8513mm,Top,180
CE1,157.1334mm,-117.0940mm,Top,90
CN1,148.5051mm,-117.1461mm,Bottom,0
L5,138.6712mm,-100.6941mm,Top,-90
L6,140.9064mm,-100.6941mm,Top,90
LED1,147.2501mm,-90.5967mm,Top,90
R1,154.5484mm,-108.3323mm,Bottom,0
R2,153.8586mm,-92.0030mm,Bottom,90
R3,152.8484mm,-111.0503mm,Bottom,0
R4,147.7484mm,-102.8963mm,Bottom,0
R6,154.3902mm,-100.9142mm,Bottom,90
R12,142.9809mm,-99.4765mm,Bottom,90
R13,142.9804mm,-97.5388mm,Bottom,-90
R20,154.5484mm,-111.0503mm,Bottom,180
R21,153.8338mm,-117.2769mm,Top,0
R22,153.8364mm,-116.4826mm,Top,0
R23,153.8324mm,-115.6851mm,Top,0
R24,146.8837mm,-97.4690mm,Bottom,0
R25,144.5587mm,-97.4690mm,Top,180
R26,148.0775mm,-97.4690mm,Bottom,180
R27,145.7481mm,-97.4690mm,Top,0
R28,151.3332mm,-97.4690mm,Bottom,0
R29,149.1025mm,-97.4690mm,Top,180
R30,152.5270mm,-97.4690mm,Bottom,180
R31,150.2963mm,-97.4690mm,Top,0
R33,159.0016mm,-104.5635mm,Bottom,90
R34,158.0478mm,-99.2632mm,Bottom,0
R103,138.2266mm,-95.7100mm,Top,90
R104,138.1632mm,-105.6603mm,Top,-90
R105,138.6766mm,-104.4577mm,Top,180
R106,139.6168mm,-106.3018mm,Top,0
R107,140.8810mm,-103.5707mm,Top,180
R108,158.5396mm,-103.1150mm,Top,0
R109,158.9868mm,-104.5539mm,Top,-90
R110,158.0513mm,-98.4618mm,Bottom,180
U01,139.9920mm,-97.0429mm,Top,90
U02,157.7718mm,-100.0666mm,Top,0
U2,151.1484mm,-106.9733mm,Top,-90
U4,158.0904mm,-107.4510mm,Top,180
U31,158.4114mm,-101.5666mm,Bottom,0
USBC1,148.5511mm,-91.9690mm,Top,180
X1,143.3943mm,-103.7212mm,Top,90
