Comment,Designator,Footprint,Manufacturer Part
22uF,"C7,C102,C108",C0402,GRM155R60J226ME11D
10uF,"C4,C8,C13,C16,C20,C23,C40,C43,C46,C51,C57,C103,C104,C109,C100",C0402,CL05A106MQ5NUNC
2.2uf,"C1,C3,C6,C10,C12,C15,C17,C19,C22,C24,C26,C28,C29,C30,C32,C33,C35,C36,C37,C38,C39,C41,C42,C44,C45,C47",C0402,CL05A225KP5NSNC
100nF,"C2,C5,C9,C11,C14,C18,C21,C25,C27,C31,C61,C66,C67,C70,C71,C76",C0402,0402F104M500NT
1uF,C34,C0402,0402X105K6R3NT
220nF,"C48,C49,C50,C52,C53,C54,C55,C56,C64,C65,C74,C75",C0201,GRM033R60J224ME15D
20pF,C59,C0402,CC0402JRNPO9BN200
330nF,"C62,C63,C72,C73",C0201,GRM033R60J334ME90D
220pF,"C68,C69",C0402,0402B221K500NT
30pF,"C77,C78",C0402,0402CG300J500NT
4.7pf,C101,C0402,0402CG4R7B500NT
6.8pf,C105,C0402,0402CG6R8C500NT
33u,C106,C0402,GRM155R60J226ME11D
3.3nf,C107,C0402,0402B332K500NT
330uF,CE1,CAP-SMD_L7.3-W4.3-R-RD,6TPE330MAP
M.2-MKEY CONNECTOR,CN1,CONN-SMD_APCI0113-P001A,NASM0-S6701-TPH4
1uh,"L5,L6",IND-SMD_L2.0-W1.6-B,FTC201610S1R0MBCA
19-217/R6C-AL1M2VY/3T,LED1,LED0402-RD,19-217/R6C-AL1M2VY/6T
4.7K 1%,"R1,R2,R3,R33,R34",R0402,0402WGF4701TCE
12.1K 1%,R4,R0402,0402WGF1212TCE
100K 1%,"R6,R104,R106",R0402,0402WGF1003TCE
0,"R12,R13",R0402,0402WGF0000TCE
1K 1%,R20,R0402,0402WGF1001TCE
10K 1%,"R21,R22,R23,R103,R110",R0402,0402WGF1002TCE
220K 1%,"R24,R25,R26,R27,R28,R29,R30,R31",R0201,0201WMF2203TEE
140K 1%,R105,R0402,RC0402FR-07140KL
261K 1%,R107,R0402,0402WGF2613TCE
475K 1%,R108,R0402,RC0402FR-07475KL
150K 1%,R109,R0402,0402WGF1503TCE
LTC3315AEV#TRPBF,U01,LQFN-12_L2.0-W2.0-P0.50-TL-EP0.7,LTC3315AEV#TRPBF
ASM2464PD,U2,BGA-273 0.46 mm,ASM2464PD
TPS82130SILR,U02,USIP-8_L3.0-W2.8-P0.65-TL-EP,TPS82130SILR
SIP32408DNP-T1-GE4,U4,SIP32408DNP-T1-GE4,SIP32408DNP-T1-GE4
ZD25WQ16CEIGR,U31,USON-8_L3.0-W2.0-P0.50-BL-EP,ZD25WQ16CEIGR
105450-0101,USBC1,USB-C-SMD_TYPE-C-USB-18,105450-0101
25MHz,X1,CRYSTAL-SMD_4P-L1.6-W1.2-BL,X322525MSB4SI
