Ref,Val,Package,PosX,PosY,Rot,Side
"C1","2.2u","C0402",151.148435,-106.520295,0.000000,bottom
"C2","100n","C0402",151.148435,-109.238295,180.000000,bottom
"C3","2.2u","C0402",149.448435,-109.238295,180.000000,bottom
"C4","10u","C0402",149.448435,-111.050295,180.000000,bottom
"C5","100n","C0402",152.848435,-102.896295,0.000000,bottom
"C6","2.2u","C0402",154.548435,-107.426295,0.000000,bottom
"C7","22u","C0402",154.548435,-106.520295,0.000000,bottom
"C9","100n","C0402",146.372895,-111.296595,90.000000,bottom
"C10","2.2u","C0402",151.148435,-107.426295,0.000000,bottom
"C11","100n","C0402",149.448435,-104.708295,180.000000,bottom
"C12","2.2u","C0402",149.448435,-110.144295,180.000000,bottom
"C13","10u","C0402",147.748435,-105.614295,180.000000,bottom
"C14","100n","C0402",152.848435,-103.802295,0.000000,bottom
"C15","2.2u","C0402",152.848435,-107.426295,180.000000,bottom
"C17","2.2u","C0402",152.848435,-109.238295,0.000000,bottom
"C18","100n","C0402",152.848435,-110.144295,0.000000,bottom
"C19","2.2u","C0402",147.748435,-104.708295,180.000000,bottom
"C20","10u","C0402",151.148435,-103.802295,0.000000,bottom
"C21","100n","C0402",154.548435,-104.708295,0.000000,bottom
"C22","2.2u","C0402",154.548435,-105.614295,0.000000,bottom
"C23","10u","C0402",148.187345,-111.294615,90.000000,bottom
"C24","2.2u","C0402",151.148435,-105.614295,0.000000,bottom
"C25","100n","C0402",152.848435,-105.614295,0.000000,bottom
"C26","2.2u","C0402",151.148435,-102.896295,0.000000,bottom
"C27","100n","C0402",154.548435,-103.802295,0.000000,bottom
"C28","2.2u","C0402",154.548435,-102.896295,0.000000,bottom
"C29","2.2u","C0402",151.148445,-108.332295,180.000000,bottom
"C30","2.2u","C0402",147.748435,-106.520295,180.000000,bottom
"C31","100n","C0402",152.848435,-104.708295,0.000000,bottom
"C32","2.2u","C0402",152.848435,-106.520295,0.000000,bottom
"C33","2.2u","C0402",149.448435,-103.802285,180.000000,bottom
"C34","1u","C0402",155.252275,-100.917725,-90.000000,bottom
"C35","2.2u","C0402",149.448435,-105.614295,180.000000,bottom
"C36","2.2u","C0402",149.448435,-102.896285,180.000000,bottom
"C37","2.2u","C0402",149.448435,-106.520295,180.000000,bottom
"C38","2.2u","C0402",147.748435,-108.332295,180.000000,bottom
"C39","2.2u","C0402",151.148435,-110.144295,180.000000,bottom
"C40","10u","C0402",151.148435,-104.708295,0.000000,bottom
"C41","2.2u","C0402",147.748435,-103.802285,180.000000,bottom
"C42","2.2u","C0402",149.448435,-108.332295,180.000000,bottom
"C43","10u","C0402",151.148435,-111.050295,180.000000,bottom
"C44","2.2u","C0402",147.748435,-109.238295,180.000000,bottom
"C45","2.2u","C0402",149.448435,-107.426295,180.000000,bottom
"C46","10u","C0402",152.848435,-108.332295,0.000000,bottom
"C47","2.2u","C0402",147.748435,-107.426295,180.000000,bottom
"C57","10u","C0402",147.282095,-111.294615,90.000000,bottom
"C62","330n","C0201",152.309025,-98.968985,-90.000000,bottom
"C63","330n","C0201",151.547025,-98.968985,-90.000000,bottom
"C66","100n","C0402",147.278195,-91.529695,-90.000000,bottom
"C67","100n","C0402",146.363795,-91.529685,90.000000,bottom
"C68","220p","C0402",142.116845,-97.538775,90.000000,bottom
"C69","220p","C0402",142.117275,-99.476505,90.000000,bottom
"C70","100n","C0402",150.707205,-91.529695,-90.000000,bottom
"C71","100n","C0402",149.792805,-91.529685,90.000000,bottom
"C74","220n","C0201",147.853405,-98.968985,-90.000000,bottom
"C75","220n","C0201",147.091405,-98.968985,-90.000000,bottom
"C76","100n","C0402",159.005765,-106.134515,90.000000,bottom
"C100","10uF","C0402",155.330005,-98.729785,0.000000,bottom
"CN1","M.2-MKEY CONNECTOR","CONN-SMD_APCI0113-P001A",148.505055,-117.146145,0.000000,bottom
"R1","4.7K 1%","R0402",154.548435,-108.332295,0.000000,bottom
"R2","4.7K 1%","R0402",153.858585,-92.002955,90.000000,bottom
"R3","4.7K 1%","R0402",152.848435,-111.050295,0.000000,bottom
"R4","12.1K 1%","R0402",147.748445,-102.896285,0.000000,bottom
"R6","100K 1%","R0402",154.390205,-100.914185,90.000000,bottom
"R12","0","R0402",142.980875,-99.476505,90.000000,bottom
"R13","0","R0402",142.980445,-97.538775,-90.000000,bottom
"R14","2M /NC","R0402",148.122825,-91.529695,-90.000000,bottom
"R16","2M /NC","R0402",148.935625,-91.529695,-90.000000,bottom
"R19","100K /NC","R0402",154.548435,-110.144295,0.000000,bottom
"R20","1K 1%","R0402",154.548425,-111.050295,180.000000,bottom
"R24","220K 1%","R0201",146.883675,-97.468985,0.000000,bottom
"R26","220K 1%","R0201",148.077475,-97.468985,180.000000,bottom
"R28","220K 1%","R0201",151.333165,-97.468985,0.000000,bottom
"R30","220K 1%","R0201",152.526965,-97.468985,180.000000,bottom
"R33","4.7K 1%","R0402",159.001645,-104.563465,90.000000,bottom
"R34","4.7K 1%","R0402",158.047805,-99.263185,0.000000,bottom
"R110","10K 1%","R0402",158.051265,-98.461845,180.000000,bottom
"TP1","tpc60t_68","tpc60t_68",155.330005,-96.723185,90.000000,bottom
"TP2","tpc60t_68","tpc60t_68",155.330005,-96.723185,90.000000,bottom
"U31","ZD25WQ16CEIGR","USON-8_L3.0-W2.0-P0.50-BL-EP",158.411355,-101.566635,0.000000,bottom
"C8","10u","C0402",158.572765,-111.872385,0.000000,top
"C16","10u","C0402",158.570635,-110.956345,0.000000,top
"C48","220n","C0201",141.626705,-117.531585,-90.000000,top
"C49","220n","C0201",142.388705,-117.531585,-90.000000,top
"C50","220n","C0201",142.900605,-115.279855,-90.000000,top
"C51","10u","C0402",158.566805,-110.051755,0.000000,top
"C52","220n","C0201",143.662605,-115.279855,-90.000000,top
"C53","220n","C0201",147.624445,-116.029485,-90.000000,top
"C54","220n","C0201",148.386445,-116.029485,-90.000000,top
"C55","220n","C0201",149.945205,-115.193455,-90.000000,top
"C56","220n","C0201",150.707205,-115.193455,-90.000000,top
"C59","20p","C0402",158.563795,-109.145625,0.000000,top
"C61","100n","C0402",158.569865,-106.090225,0.000000,top
"C64","220n","C0201",150.088605,-98.968985,-90.000000,top
"C65","220n","C0201",149.326605,-98.968985,-90.000000,top
"C72","330n","C0201",145.532865,-98.968985,-90.000000,top
"C73","330n","C0201",144.770865,-98.968985,-90.000000,top
"C77","30p","C0402",144.664305,-102.857605,90.000000,top
"C78","30p","C0402",144.664295,-104.349405,-90.000000,top
"C101","4.7pf","C0402",140.881995,-104.429215,180.000000,top
"C102","22u","C0402",140.881045,-102.707115,180.000000,top
"C103","10u","C0402",140.779445,-94.833115,-90.000000,top
"C104","10u","C0402",139.230045,-94.833115,-90.000000,top
"C105","6.8pf","C0402",138.677035,-103.605975,0.000000,top
"C106","33u","C0402",138.681655,-102.681715,0.000000,top
"C107","3.3nf","C0402",158.536155,-97.845705,0.000000,top
"C108","22uf","C0402",158.542605,-102.265715,180.000000,top
"C109","10u","C0402",157.045655,-97.851275,180.000000,top
"CE1","330uF","CAP-SMD_L7.3-W4.3-R-RD",157.133405,-117.093985,90.000000,top
"J17","?HDR1x1","Header",156.496425,-90.950785,0.000000,top
"J18","?HDR1x1","Header",140.496405,-90.950785,0.000000,top
"L5","1uh","IND-SMD_L2.0-W1.6-B",138.671245,-100.694085,-90.000000,top
"L6","1uh","IND-SMD_L2.0-W1.6-B",140.906445,-100.694115,90.000000,top
"LED1","19-217/R6C-AL1M2VY/3T","LED0402-RD",147.250105,-90.596655,90.000000,top
"R21","10K 1%","R0402",153.833785,-117.276945,0.000000,top
"R22","10K 1%","R0402",153.836445,-116.482555,0.000000,top
"R23","10K 1%","R0402",153.832375,-115.685125,0.000000,top
"R25","220K 1%","R0201",144.558745,-97.468985,180.000000,top
"R27","220K 1%","R0201",145.748075,-97.468985,0.000000,top
"R29","220K 1%","R0201",149.102475,-97.468985,180.000000,top
"R31","220K 1%","R0201",150.296275,-97.468985,0.000000,top
"R103","10K 1%","R0402",138.226645,-95.709975,90.000000,top
"R104","100K 1%","R0402",138.163245,-105.660315,-90.000000,top
"R105","140K 1%","R0402",138.676565,-104.457685,180.000000,top
"R106","100K 1%","R0402",139.616845,-106.301775,0.000000,top
"R107","261K 1%","R0402",140.881045,-103.570715,180.000000,top
"R108","475K 1%","R0402",158.539645,-103.115015,0.000000,top
"R109","150K 1%","R0402",158.986785,-104.553865,-90.000000,top
"U01","LTC3315AEV#TRPBF","LQFN-12_L2.0-W2.0-P0.50-TL-EP0.7",139.992045,-97.042915,90.000000,top
"U02","TPS82130SILR","USIP-8_L3.0-W2.8-P0.65-TL-EP",157.771775,-100.066645,0.000000,top
"U2","ASM2464PD","BGA273C46P21X21_1000X1000X98",151.148435,-106.973295,-90.000000,top
"U4","SIP32408DNP-T1-GE4","SIP32408DNP-T1-GE4",158.090385,-107.451045,180.000000,top
"USBC1","105450-0101","USB-C-SMD_TYPE-C-USB-18",148.551135,-91.968985,180.000000,top
"X1","25MHz","CRYSTAL-SMD_4P-L1.6-W1.2-BL",143.394305,-103.721205,90.000000,top
